"GROUP","METHOD","GCF.SOURCE","PRES.GCF","POS.GCF","PRES","PRES.CAL","POS","POS.CAL","OPUE","OPUE.CAL"
"ABSO","1_nSPC","Global",0,1.9,0.08,0.08,0,0,0,0
"ABSO","2_BLT","Global",0,1.9,0,0,0.02,0.01,0,0
"ABSP","1_nSPC","Global",0,1.9,0.01,0.01,0,0,0,0
"ABSX","1_nSPC","Global",0,1.9,0.01,0.01,0.01,0.01,0,0
"ABVA","1_nSPC","Global",0,1.9,0.18,0.18,0.01,0.01,0,0
"ABVA","2_BLT","Global",0,1.9,0.01,0.01,0.01,0,0,0
"ACAC","1_nSPC","Global",0,1.9,0.01,0.01,0,0,0,0
"ACAC","2_BLT","Global",0,1.9,0.01,0.01,0,0,0,0
"ACBL","1_nSPC","Global",0,1.9,0.14,0.14,0,0,0,0
"ACBL","2_BLT","Global",0,1.9,0.16,0.16,0,0,0,0
"ACDU","1_nSPC","Global",0,1.9,0.05,0.05,0,0,0,0
"ACDU","2_BLT","Global",0,1.9,0.02,0.02,0,0,0,0
"ACGU","1_nSPC","Global",0,1.9,0.15,0.15,0.01,0.01,0,0
"ACGU","2_BLT","Global",0,1.9,0.02,0.02,0.04,0.02,0,0
"ACLE","1_nSPC","Global",0,1.9,0.28,0.28,0.02,0.02,0,0
"ACLE","2_BLT","Global",0,1.9,0.14,0.14,0.14,0.07,0.02,0.01
"ACLI","1_nSPC","Global",0,1.9,0.33,0.33,0.01,0.01,0,0
"ACLI","2_BLT","Global",0,1.9,0.18,0.18,0.01,0.01,0,0
"ACMA","1_nSPC","Global",0,1.9,0,0,0,0,0,0
"ACMT","1_nSPC","Global",0,1.9,0.01,0.01,0,0,0,0
"ACNC","1_nSPC","Global",0,1.9,0.64,0.64,0.01,0.01,0.01,0.01
"ACNC","2_BLT","Global",0,1.9,0.48,0.48,0.05,0.03,0.03,0.01
"ACNF","1_nSPC","Global",0,1.9,0.94,0.94,0.03,0.03,0.03,0.03
"ACNF","2_BLT","Global",0,1.9,0.96,0.96,0.1,0.05,0.1,0.05
"ACNI","1_nSPC","Global",0,1.9,0.1,0.1,0,0,0,0
"ACNI","2_BLT","Global",0,1.9,0.14,0.14,0.01,0,0,0
"ACNR","1_nSPC","Global",0,1.9,0.11,0.11,0.01,0.01,0,0
"ACNR","2_BLT","Global",0,1.9,0.04,0.04,0.01,0.01,0,0
"ACNU","1_nSPC","Global",0,1.9,0.01,0.01,0.03,0.03,0,0
"ACNU","2_BLT","Global",0,1.9,0.03,0.03,0.03,0.02,0,0
"ACOL","1_nSPC","Global",0,1.9,0.48,0.48,0.01,0.01,0,0
"ACOL","2_BLT","Global",0,1.9,0.54,0.54,0.02,0.01,0.01,0
"ACPY","1_nSPC","Global",0,1.9,0.39,0.39,0,0,0,0
"ACPY","2_BLT","Global",0,1.9,0.3,0.3,0.01,0.01,0,0
"ACSO","1_nSPC","Global",0,1.9,0,0,0.01,0.01,0,0
"ACSP","1_nSPC","Global",0,1.9,0.01,0.01,0.01,0.01,0,0
"ACSP","2_BLT","Global",0,1.9,0.01,0.01,0.34,0.18,0,0
"ACTH","1_nSPC","Global",0,1.9,0.23,0.23,0.01,0.01,0,0
"ACTH","2_BLT","Global",0,1.9,0.1,0.1,0.04,0.02,0,0
"ACTR","1_nSPC","Global",0,1.9,0.06,0.06,0.03,0.03,0,0
"ACTR","2_BLT","Global",0,1.9,0.01,0.01,0,0,0,0
"ACXA","1_nSPC","Global",0,1.9,0.08,0.08,0,0,0,0
"ACXA","2_BLT","Global",0,1.9,0.02,0.02,0,0,0,0
"AEOC","1_nSPC","Global",0,1.9,0,0,0,0,0,0
"AEOC","2_BLT","Global",0,1.9,0,0,0,0,0,0
"AERO","1_nSPC","Global",0,1.9,0.01,0.01,0,0,0,0
"AERO","2_BLT","Global",0,1.9,0.01,0.01,0,0,0,0
"ALSC","1_nSPC","Global",0,1.9,0.04,0.04,0,0,0,0
"AMBI","1_nSPC","Global",0,1.9,0,0,0,0,0,0
"AMCH","1_nSPC","Global",0,1.9,0.06,0.06,0,0,0,0
"AMCH","2_BLT","Global",0,1.9,0.03,0.03,0.01,0.01,0,0
"AMCL","1_nSPC","Global",0,1.9,0.02,0.02,0,0,0,0
"AMCL","2_BLT","Global",0,1.9,0,0,0.01,0,0,0
"AMCU","1_nSPC","Global",0,1.9,0,0,0.01,0.01,0,0
"AMFA","1_nSPC","Global",0,1.9,0.02,0.02,0,0,0,0
"AMFA","2_BLT","Global",0,1.9,0.02,0.02,0,0,0,0
"AMGU","1_nSPC","Global",0,1.9,0,0,0.01,0.01,0,0
"AMME","1_nSPC","Global",0,1.9,0.01,0.01,0.01,0.01,0,0
"AMME","2_BLT","Global",0,1.9,0.01,0.01,0.02,0.01,0,0
"AMPE","1_nSPC","Global",0,1.9,0,0,0,0,0,0
"AMPH","1_nSPC","Global",0,1.9,0,0,0.02,0.02,0,0
"AMSC","1_nSPC","Global",0,1.9,0.02,0.02,0,0,0,0
"AMSC","2_BLT","Global",0,1.9,0.02,0.02,0.01,0.01,0,0
"AMSP","1_nSPC","Global",0,1.9,0,0,0,0,0,0
"AMSP","2_BLT","Global",0,1.9,0.01,0.01,0,0,0,0
"ANCA","1_nSPC","Global",0,1.9,0.32,0.32,0,0,0,0
"ANCA","2_BLT","Global",0,1.9,0.05,0.05,0.01,0,0,0
"ANGE","2_BLT","Global",0,1.9,0,0,0,0,0,0
"ANME","1_nSPC","Global",0,1.9,0,0,0,0,0,0
"ANMG","1_nSPC","Global",0,1.9,0.04,0.04,0,0,0,0
"ANMG","2_BLT","Global",0,1.9,0.02,0.02,0,0,0,0
"ANSP","1_nSPC","Global",0,1.9,0.01,0.01,0,0,0,0
"ANSP","2_BLT","Global",0,1.9,0,0,0,0,0,0
"ANTH","1_nSPC","Global",0,1.9,0.01,0.01,0.03,0.03,0,0
"ANTH","2_BLT","Global",0,1.9,0.01,0.01,0.4,0.21,0,0
"ANTW","1_nSPC","Global",0,1.9,0.09,0.09,0,0,0,0
"ANTW","2_BLT","Global",0,1.9,0.05,0.05,0.01,0.01,0,0
"APFU","1_nSPC","Global",0,1.9,0.49,0.49,0,0,0,0
"APFU","2_BLT","Global",0,1.9,0.31,0.31,0.01,0,0,0
"APSP","1_nSPC","Global",0,1.9,0.01,0.01,0.02,0.02,0,0
"APSP","2_BLT","Global",0,1.9,0.06,0.06,0.01,0,0,0
"APTR","1_nSPC","Global",0,1.9,0.27,0.27,0,0,0,0
"APTR","2_BLT","Global",0,1.9,0.08,0.08,0.01,0,0,0
"APVI","1_nSPC","Global",0,1.9,0.06,0.06,0,0,0,0
"APVI","2_BLT","Global",0,1.9,0.03,0.03,0,0,0,0
"ARBI","1_nSPC","Global",0,1.9,0,0,1.13,1.13,0,0
"ARHI","1_nSPC","Global",0,1.9,0,0,0,0,0,0
"ARHI","2_BLT","Global",0,1.9,0.02,0.02,0.01,0,0,0
"ARME","1_nSPC","Global",0,1.9,0.02,0.02,0,0,0,0
"ARME","2_BLT","Global",0,1.9,0.02,0.02,0,0,0,0
"ARNI","1_nSPC","Global",0,1.9,0.02,0.02,0,0,0,0
"ARNI","2_BLT","Global",0,1.9,0.02,0.02,0,0,0,0
"ARST","1_nSPC","Global",0,1.9,0,0,0.01,0.01,0,0
"ASTA","1_nSPC","Global",0,1.9,0,0,0,0,0,0
"ASTA","2_BLT","Global",0,1.9,0.01,0.01,0,0,0,0
"AUCH","1_nSPC","Global",0,1.9,0.02,0.02,0,0,0,0
"AUCH","2_BLT","Global",0,1.9,0.02,0.02,0,0,0,0
"BACO","1_nSPC","Global",0,1.9,0.03,0.03,0,0,0,0
"BACO","2_BLT","Global",0,1.9,0.01,0.01,0,0,0,0
"BASP","2_BLT","Global",0,1.9,0.01,0.01,0.01,0.01,0,0
"BAUN","1_nSPC","Global",0,1.9,0.71,0.71,0,0,0,0
"BAUN","2_BLT","Global",0,1.9,0.32,0.32,0.01,0,0,0
"BAVI","1_nSPC","Global",0,1.9,0.04,0.04,0,0,0,0
"BAVI","2_BLT","Global",0,1.9,0.01,0.01,0.02,0.01,0,0
"BECH","1_nSPC","Global",0,1.9,0,0,0,0,0,0
"BIGE","1_nSPC","Global",0,1.9,0,0,0.01,0.01,0,0
"BIGE","2_BLT","Global",0,1.9,0.01,0.01,0,0,0,0
"BLCH","1_nSPC","Global",0,1.9,0.01,0.01,0.01,0.01,0,0
"BLCH","2_BLT","Global",0,1.9,0.01,0.01,0,0,0,0
"BLEN","1_nSPC","Global",0,1.9,0.22,0.22,0.01,0.01,0,0
"BLEN","2_BLT","Global",0,1.9,0.02,0.02,0.01,0,0,0
"BOAN","1_nSPC","Global",0,1.9,0.05,0.05,0,0,0,0
"BOAN","2_BLT","Global",0,1.9,0,0,0.01,0,0,0
"BOAX","1_nSPC","Global",0,1.9,0.15,0.15,0,0,0,0
"BOAX","2_BLT","Global",0,1.9,0.12,0.12,0.01,0,0,0
"BOBI","1_nSPC","Global",0,1.9,0.02,0.02,0,0,0,0
"BOLO","1_nSPC","Global",0,1.9,0,0,0,0,0,0
"BOMA","1_nSPC","Global",0,1.9,0.02,0.02,0,0,0,0
"BOTH","2_BLT","Global",0,1.9,0,0,0,0,0,0
"BUTT","1_nSPC","Global",0,1.9,0,0,0,0,0,0
"BUTT","2_BLT","Global",0,1.9,0.01,0.01,0,0,0,0
"CAAB","1_nSPC","Global",0,1.9,0.08,0.08,0,0,0,0
"CAAB","2_BLT","Global",0,1.9,0.08,0.08,0,0,0,0
"CAAM","1_nSPC","Global",0,1.9,0.05,0.05,0,0,0,0
"CAAM","2_BLT","Global",0,1.9,0,0,0,0,0,0
"CABE","1_nSPC","Global",0,1.9,0.01,0.01,0,0,0,0
"CABE","2_BLT","Global",0,1.9,0.01,0.01,0,0,0,0
"CACA","1_nSPC","Global",0,1.9,0.15,0.15,0,0,0,0
"CACA","2_BLT","Global",0,1.9,0.08,0.08,0,0,0,0
"CACE","1_nSPC","Global",0,1.9,0,0,0.02,0.02,0,0
"CACE","2_BLT","Global",0,1.9,0,0,0,0,0,0
"CACO","1_nSPC","Global",0,1.9,0.01,0.01,0,0,0,0
"CACO","2_BLT","Global",0,1.9,0.01,0.01,0,0,0,0
"CADU","1_nSPC","Global",0,1.9,0.16,0.16,0,0,0,0
"CADU","2_BLT","Global",0,1.9,0.06,0.06,0,0,0,0
"CAEP","1_nSPC","Global",0,1.9,0,0,0,0,0,0
"CAFE","1_nSPC","Global",0,1.9,0.02,0.02,0,0,0,0
"CAFE","2_BLT","Global",0,1.9,0,0,0,0,0,0
"CAGA","1_nSPC","Global",0,1.9,0,0,0.01,0.01,0,0
"CAIG","1_nSPC","Global",0,1.9,0.01,0.01,0,0,0,0
"CAIG","2_BLT","Global",0,1.9,0.01,0.01,0,0,0,0
"CAJA","1_nSPC","Global",0,1.9,0,0,0,0,0,0
"CAJN","1_nSPC","Global",0,1.9,0.02,0.02,0,0,0,0
"CAJN","2_BLT","Global",0,1.9,0,0,0,0,0,0
"CALN","1_nSPC","Global",0,1.9,0,0,0.11,0.11,0,0
"CALU","1_nSPC","Global",0,1.9,0.1,0.1,0.01,0.01,0,0
"CALU","2_BLT","Global",0,1.9,0.2,0.2,0.01,0.01,0,0
"CAMC","1_nSPC","Global",0,1.9,0,0,0,0,0,0
"CAMC","2_BLT","Global",0,1.9,0.08,0.08,0.01,0,0,0
"CAME","1_nSPC","Global",0,1.9,0.43,0.43,0,0,0,0
"CAME","2_BLT","Global",0,1.9,0.27,0.27,0.01,0,0,0
"CAML","1_nSPC","Global",0,1.9,0.02,0.02,0,0,0,0
"CAML","2_BLT","Global",0,1.9,0,0,0,0,0,0
"CAOR","1_nSPC","Global",0,1.9,0.08,0.08,0,0,0,0
"CAOR","2_BLT","Global",0,1.9,0.15,0.15,0.04,0.02,0.01,0
"CAPA","1_nSPC","Global",0,1.9,0.17,0.17,0,0,0,0
"CAPA","2_BLT","Global",0,1.9,0.12,0.12,0.01,0,0,0
"CAPP","1_nSPC","Global",0,1.9,0,0,0,0,0,0
"CARD","1_nSPC","Global",0,1.9,0.05,0.05,0.01,0.01,0,0
"CARD","2_BLT","Global",0,1.9,0.01,0.01,0,0,0,0
"CASE","1_nSPC","Global",0,1.9,0.03,0.03,0.11,0.11,0,0
"CASE","2_BLT","Global",0,1.9,0.03,0.03,0.08,0.04,0,0
"CASO","1_nSPC","Global",0,1.9,0.14,0.14,0,0,0,0
"CASO","2_BLT","Global",0,1.9,0.08,0.08,0.01,0,0,0
"CASP","1_nSPC","Global",0,1.9,0,0,0,0,0,0
"CASP","2_BLT","Global",0,1.9,0.01,0.01,0.03,0.01,0,0
"CATE","1_nSPC","Global",0,1.9,0.13,0.13,0.05,0.05,0.01,0.01
"CATE","2_BLT","Global",0,1.9,0.06,0.06,0.1,0.05,0.01,0
"CAVA","1_nSPC","Global",0,1.9,0.01,0.01,0,0,0,0
"CAVA","2_BLT","Global",0,1.9,0.01,0.01,0.01,0,0,0
"CEAR","1_nSPC","Global",0,1.9,0.58,0.58,0,0,0,0
"CEAR","2_BLT","Global",0,1.9,0.3,0.3,0,0,0,0
"CEBI","1_nSPC","Global",0,1.9,0,0,0,0,0,0
"CEBI","2_BLT","Global",0,1.9,0,0,0,0,0,0
"CEFI","1_nSPC","Global",0,1.9,0,0,0.01,0.01,0,0
"CEFI","2_BLT","Global",0,1.9,0.01,0.01,0.01,0,0,0
"CEFL","1_nSPC","Global",0,1.9,0.74,0.74,0.01,0.01,0.01,0.01
"CEFL","2_BLT","Global",0,1.9,0.59,0.59,0.02,0.01,0.01,0.01
"CEFV","1_nSPC","Global",0,1.9,0,0,0,0,0,0
"CEHE","1_nSPC","Global",0,1.9,0.21,0.21,0.01,0.01,0,0
"CEHE","2_BLT","Global",0,1.9,0.13,0.13,0.01,0,0,0
"CELE","1_nSPC","Global",0,1.9,0.01,0.01,0,0,0,0
"CELE","2_BLT","Global",0,1.9,0.01,0.01,0,0,0,0
"CELO","1_nSPC","Global",0,1.9,0.01,0.01,0.01,0.01,0,0
"CELO","2_BLT","Global",0,1.9,0,0,0,0,0,0
"CEMI","1_nSPC","Global",0,1.9,0,0,0,0,0,0
"CEMI","2_BLT","Global",0,1.9,0.01,0.01,0,0,0,0
"CEOC","1_nSPC","Global",0,1.9,0.01,0.01,0,0,0,0
"CEOC","2_BLT","Global",0,1.9,0,0,0,0,0,0
"CESH","1_nSPC","Global",0,1.9,0.47,0.47,0.04,0.04,0.02,0.02
"CESH","2_BLT","Global",0,1.9,0.48,0.48,0.03,0.02,0.02,0.01
"CESO","1_nSPC","Global",0,1.9,0.02,0.02,0,0,0,0
"CESO","2_BLT","Global",0,1.9,0,0,0,0,0,0
"CESP","1_nSPC","Global",0,1.9,0.03,0.03,0.01,0.01,0,0
"CESX","1_nSPC","Global",0,1.9,0.03,0.03,0,0,0,0
"CESX","2_BLT","Global",0,1.9,0.02,0.02,0,0,0,0
"CEUR","1_nSPC","Global",0,1.9,0.78,0.78,0.01,0.01,0.01,0.01
"CEUR","2_BLT","Global",0,1.9,0.83,0.83,0.03,0.02,0.03,0.01
"CEVR","1_nSPC","Global",0,1.9,0,0,0,0,0,0
"CHAC","1_nSPC","Global",0,1.9,0.47,0.47,0.35,0.35,0.17,0.17
"CHAC","2_BLT","Global",0,1.9,0.63,0.63,0.6,0.32,0.38,0.2
"CHAG","1_nSPC","Global",0,1.9,0.4,0.4,0.08,0.08,0.03,0.03
"CHAG","2_BLT","Global",0,1.9,0.5,0.5,0.18,0.09,0.09,0.05
"CHAL","1_nSPC","Global",0,1.9,0.04,0.04,0.02,0.02,0,0
"CHAL","2_BLT","Global",0,1.9,0.01,0.01,0.01,0,0,0
"CHAM","1_nSPC","Global",0,1.9,0.03,0.03,0.03,0.03,0,0
"CHAM","2_BLT","Global",0,1.9,0.01,0.01,0.17,0.09,0,0
"CHAP","1_nSPC","Global",0,1.9,0,0,0.02,0.02,0,0
"CHAR","1_nSPC","Global",0,1.9,0,0,0.01,0.01,0,0
"CHAR","2_BLT","Global",0,1.9,0.02,0.02,0.04,0.02,0,0
"CHAU","1_nSPC","Global",0,1.9,0.19,0.19,0,0,0,0
"CHAU","2_BLT","Global",0,1.9,0.08,0.08,0.01,0,0,0
"CHBE","1_nSPC","Global",0,1.9,0.03,0.03,0,0,0,0
"CHBE","2_BLT","Global",0,1.9,0.01,0.01,0,0,0,0
"CHBI","1_nSPC","Global",0,1.9,0,0,0,0,0,0
"CHBR","1_nSPC","Global",0,1.9,0.29,0.29,0.05,0.05,0.01,0.01
"CHBR","2_BLT","Global",0,1.9,0.22,0.22,0.03,0.02,0.01,0
"CHCH","1_nSPC","Global",0,1.9,0.01,0.01,0,0,0,0
"CHCI","1_nSPC","Global",0,1.9,0.2,0.2,0,0,0,0
"CHCI","2_BLT","Global",0,1.9,0.35,0.35,0.01,0.01,0,0
"CHCL","1_nSPC","Global",0,1.9,0.03,0.03,0,0,0,0
"CHCL","2_BLT","Global",0,1.9,0,0,0,0,0,0
"CHEI","1_nSPC","Global",0,1.9,0.02,0.02,0.01,0.01,0,0
"CHEP","1_nSPC","Global",0,1.9,0.17,0.17,0,0,0,0
"CHEP","2_BLT","Global",0,1.9,0.04,0.04,0.01,0,0,0
"CHFA","1_nSPC","Global",0,1.9,0.01,0.01,0,0,0,0
"CHFA","2_BLT","Global",0,1.9,0.01,0.01,0,0,0,0
"CHFL","1_nSPC","Global",0,1.9,0.01,0.01,0,0,0,0
"CHFL","2_BLT","Global",0,1.9,0,0,0,0,0,0
"CHFN","1_nSPC","Global",0,1.9,0.06,0.06,0.01,0.01,0,0
"CHFN","2_BLT","Global",0,1.9,0.02,0.02,0,0,0,0
"CHGL","1_nSPC","Global",0,1.9,0,0,0.02,0.02,0,0
"CHGL","2_BLT","Global",0,1.9,0,0,0,0,0,0
"CHIN","1_nSPC","Global",0,1.9,0.01,0.01,0,0,0,0
"CHIN","2_BLT","Global",0,1.9,0,0,0,0,0,0
"CHKL","1_nSPC","Global",0,1.9,0.01,0.01,0,0,0,0
"CHKL","2_BLT","Global",0,1.9,0.04,0.04,0.01,0,0,0
"CHLI","1_nSPC","Global",0,1.9,0,0,0,0,0,0
"CHLT","1_nSPC","Global",0,1.9,0.09,0.09,0,0,0,0
"CHLT","2_BLT","Global",0,1.9,0.01,0.01,0.01,0.01,0,0
"CHLU","1_nSPC","Global",0,1.9,0.34,0.34,0,0,0,0
"CHLU","2_BLT","Global",0,1.9,0.12,0.12,0.01,0,0,0
"CHMA","1_nSPC","Global",0,1.9,0.4,0.4,0.01,0.01,0,0
"CHMA","2_BLT","Global",0,1.9,0.34,0.34,0.02,0.01,0.01,0
"CHMC","1_nSPC","Global",0,1.9,0.12,0.12,0,0,0,0
"CHMC","2_BLT","Global",0,1.9,0.05,0.05,0,0,0,0
"CHMD","1_nSPC","Global",0,1.9,0.01,0.01,0,0,0,0
"CHMD","2_BLT","Global",0,1.9,0.01,0.01,0,0,0,0
"CHME","1_nSPC","Global",0,1.9,0.01,0.01,0,0,0,0
"CHME","2_BLT","Global",0,1.9,0.01,0.01,0.01,0,0,0
"CHML","1_nSPC","Global",0,1.9,0.01,0.01,0,0,0,0
"CHML","2_BLT","Global",0,1.9,0,0,0,0,0,0
"CHMR","1_nSPC","Global",0,1.9,0.16,0.16,0,0,0,0
"CHMR","2_BLT","Global",0,1.9,0.07,0.07,0.01,0.01,0,0
"CHOR","1_nSPC","Global",0,1.9,0.48,0.48,0,0,0,0
"CHOR","2_BLT","Global",0,1.9,0.2,0.2,0.01,0,0,0
"CHOX","1_nSPC","Global",0,1.9,0.14,0.14,0,0,0,0
"CHOX","2_BLT","Global",0,1.9,0.01,0.01,0.01,0.01,0,0
"CHPA","1_nSPC","Global",0,1.9,0.05,0.05,0.03,0.03,0,0
"CHPU","1_nSPC","Global",0,1.9,0.44,0.44,0.01,0.01,0,0
"CHPU","2_BLT","Global",0,1.9,0.43,0.43,0.01,0.01,0.01,0
"CHPW","1_nSPC","Global",0,1.9,0,0,0.01,0.01,0,0
"CHQN","1_nSPC","Global",0,1.9,0,0,0.01,0.01,0,0
"CHQN","2_BLT","Global",0,1.9,0.01,0.01,0,0,0,0
"CHQU","1_nSPC","Global",0,1.9,0.32,0.32,0,0,0,0
"CHQU","2_BLT","Global",0,1.9,0.31,0.31,0.01,0,0,0
"CHRE","1_nSPC","Global",0,1.9,0.44,0.44,0,0,0,0
"CHRE","2_BLT","Global",0,1.9,0.26,0.26,0.01,0.01,0,0
"CHSE","1_nSPC","Global",0,1.9,0,0,0,0,0,0
"CHSL","1_nSPC","Global",0,1.9,0.31,0.31,0.01,0.01,0,0
"CHSL","2_BLT","Global",0,1.9,0.22,0.22,0.02,0.01,0,0
"CHTL","1_nSPC","Global",0,1.9,0.13,0.13,0,0,0,0
"CHTL","2_BLT","Global",0,1.9,0.07,0.07,0,0,0,0
"CHTR","1_nSPC","Global",0,1.9,0.05,0.05,0,0,0,0
"CHTR","2_BLT","Global",0,1.9,0.04,0.04,0.01,0.01,0,0
"CHTY","1_nSPC","Global",0,1.9,0.11,0.11,0.04,0.04,0,0
"CHTY","2_BLT","Global",0,1.9,0.08,0.08,0.04,0.02,0,0
"CHUB","1_nSPC","Global",0,1.9,0.34,0.34,0.01,0.01,0,0
"CHUB","2_BLT","Global",0,1.9,0.11,0.11,0.02,0.01,0,0
"CHUD","1_nSPC","Global",0,1.9,0.04,0.04,0,0,0,0
"CHUD","2_BLT","Global",0,1.9,0.01,0.01,0,0,0,0
"CHUL","1_nSPC","Global",0,1.9,0.08,0.08,0,0,0,0
"CHUL","2_BLT","Global",0,1.9,0.01,0.01,0.01,0.01,0,0
"CHUN","1_nSPC","Global",0,1.9,0.03,0.03,0,0,0,0
"CHUN","2_BLT","Global",0,1.9,0.06,0.06,0.01,0,0,0
"CHVA","1_nSPC","Global",0,1.9,0.32,0.32,0.07,0.07,0.02,0.02
"CHVA","2_BLT","Global",0,1.9,0.58,0.58,0.2,0.11,0.12,0.06
"CHVG","1_nSPC","Global",0,1.9,0,0,0,0,0,0
"CHVR","1_nSPC","Global",0,1.9,0.03,0.03,0.14,0.14,0,0
"CHVR","2_BLT","Global",0,1.9,0.01,0.01,0.05,0.03,0,0
"CHXA","1_nSPC","Global",0,1.9,0.37,0.37,0.02,0.02,0.01,0.01
"CHXA","2_BLT","Global",0,1.9,0.29,0.29,0.06,0.03,0.02,0.01
"CIFL","1_nSPC","Global",0,1.9,0.22,0.22,0.01,0.01,0,0
"CIFL","2_BLT","Global",0,1.9,0.46,0.46,0.01,0.01,0.01,0
"CIKA","1_nSPC","Global",0,1.9,0.2,0.2,0.04,0.04,0.01,0.01
"CIKA","2_BLT","Global",0,1.9,0.48,0.48,0.1,0.05,0.05,0.03
"CILB","1_nSPC","Global",0,1.9,0.01,0.01,0.03,0.03,0,0
"CIPI","1_nSPC","Global",0,1.9,0.03,0.03,0,0,0,0
"CIPI","2_BLT","Global",0,1.9,0,0,0,0,0,0
"CIPO","1_nSPC","Global",0,1.9,0.02,0.02,0.01,0.01,0,0
"CISP","1_nSPC","Global",0,1.9,0.01,0.01,0.01,0.01,0,0
"CISP","2_BLT","Global",0,1.9,0.21,0.21,0.01,0,0,0
"CIVR","1_nSPC","Global",0,1.9,0.17,0.17,0.02,0.02,0,0
"CIVR","2_BLT","Global",0,1.9,0.29,0.29,0.01,0.01,0,0
"CLSP","1_nSPC","Global",0,1.9,0,0,0.01,0.01,0,0
"COAY","1_nSPC","Global",0,1.9,0.4,0.4,0,0,0,0
"COAY","2_BLT","Global",0,1.9,0.21,0.21,0,0,0,0
"CODO","1_nSPC","Global",0,1.9,0,0,0,0,0,0
"COFF","1_nSPC","Global",0,1.9,0,0,0,0,0,0
"COGA","1_nSPC","Global",0,1.9,0.34,0.34,0,0,0,0
"COGA","2_BLT","Global",0,1.9,0.25,0.25,0.01,0,0,0
"CTBI","1_nSPC","Global",0,1.9,0.22,0.22,0.01,0.01,0,0
"CTBI","2_BLT","Global",0,1.9,0.06,0.06,0.01,0,0,0
"CTCY","1_nSPC","Global",0,1.9,0.24,0.24,0.01,0.01,0,0
"CTCY","2_BLT","Global",0,1.9,0.08,0.08,0.03,0.01,0,0
"CTHA","1_nSPC","Global",0,1.9,0.28,0.28,0.01,0.01,0,0
"CTHA","2_BLT","Global",0,1.9,0.16,0.16,0.01,0.01,0,0
"CTSP","1_nSPC","Global",0,1.9,0.01,0.01,0,0,0,0
"CTSP","2_BLT","Global",0,1.9,0.15,0.15,0.03,0.01,0,0
"CTSR","1_nSPC","Global",0,1.9,0.76,0.76,0.02,0.02,0.01,0.01
"CTSR","2_BLT","Global",0,1.9,0.58,0.58,0.04,0.02,0.03,0.01
"CTSS","2_BLT","Global",0,1.9,0,0,0,0,0,0
"CTTA","2_BLT","Global",0,1.9,0,0,0,0,0,0
"DAAR","1_nSPC","Global",0,1.9,0.01,0.01,0.04,0.04,0,0
"DAAR","2_BLT","Global",0,1.9,0.01,0.01,0.02,0.01,0,0
"DAMS","1_nSPC","Global",0,1.9,0.03,0.03,0.03,0.03,0,0
"DAMS","2_BLT","Global",0,1.9,0.07,0.07,0.02,0.01,0,0
"DARE","1_nSPC","Global",0,1.9,0.27,0.27,0.05,0.05,0.01,0.01
"DARE","2_BLT","Global",0,1.9,0.32,0.32,0.06,0.03,0.02,0.01
"DART","1_nSPC","Global",0,1.9,0,0,0,0,0,0
"DART","2_BLT","Global",0,1.9,0,0,0.02,0.01,0,0
"DASY","1_nSPC","Global",0,1.9,0,0,0,0,0,0
"DATR","1_nSPC","Global",0,1.9,0.1,0.1,0.01,0.01,0,0
"DATR","2_BLT","Global",0,1.9,0.12,0.12,0.01,0.01,0,0
"DEMA","1_nSPC","Global",0,1.9,0.03,0.03,0.07,0.07,0,0
"DIHY","1_nSPC","Global",0,1.9,0,0,0,0,0,0
"DIHY","2_BLT","Global",0,1.9,0,0,0,0,0,0
"DOTT","1_nSPC","Global",0,1.9,0,0,0,0,0,0
"ECBC","1_nSPC","Global",0,1.9,0.07,0.07,0,0,0,0
"ECBC","2_BLT","Global",0,1.9,0.04,0.04,0.01,0,0,0
"ECMI","2_BLT","Global",0,1.9,0,0,0,0,0,0
"ECNE","1_nSPC","Global",0,1.9,0,0,0,0,0,0
"ECOP","1_nSPC","Global",0,1.9,0.02,0.02,0.01,0.01,0,0
"ECOP","2_BLT","Global",0,1.9,0.02,0.02,0,0,0,0
"ELBI","1_nSPC","Global",0,1.9,0.05,0.05,0.04,0.04,0,0
"ELBI","2_BLT","Global",0,1.9,0.07,0.07,0.02,0.01,0,0
"EMPE","1_nSPC","Global",0,1.9,0,0,0,0,0,0
"EMPE","2_BLT","Global",0,1.9,0,0,0.01,0,0,0
"EPFA","1_nSPC","Global",0,1.9,0.26,0.26,0.01,0.01,0,0
"EPFA","2_BLT","Global",0,1.9,0.22,0.22,0.01,0,0,0
"EPHE","1_nSPC","Global",0,1.9,0.14,0.14,0,0,0,0
"EPHE","2_BLT","Global",0,1.9,0.23,0.23,0.01,0,0,0
"EPHO","1_nSPC","Global",0,1.9,0.01,0.01,0,0,0,0
"EPHO","2_BLT","Global",0,1.9,0.01,0.01,0,0,0,0
"EPIN","1_nSPC","Global",0,1.9,0.11,0.11,0,0,0,0
"EPIN","2_BLT","Global",0,1.9,0.04,0.04,0,0,0,0
"EPLA","1_nSPC","Global",0,1.9,0,0,0,0,0,0
"EPMA","1_nSPC","Global",0,1.9,0.02,0.02,0,0,0,0
"EPMA","2_BLT","Global",0,1.9,0.01,0.01,0,0,0,0
"EPMC","1_nSPC","Global",0,1.9,0.02,0.02,0,0,0,0
"EPME","1_nSPC","Global",0,1.9,0.01,0.01,0,0,0,0
"EPME","2_BLT","Global",0,1.9,0.01,0.01,0,0,0,0
"EPML","1_nSPC","Global",0,1.9,0.02,0.02,0,0,0,0
"EPML","2_BLT","Global",0,1.9,0.02,0.02,0,0,0,0
"EPPO","1_nSPC","Global",0,1.9,0,0,0,0,0,0
"EPPO","2_BLT","Global",0,1.9,0,0,0,0,0,0
"EPSO","1_nSPC","Global",0,1.9,0.01,0.01,0,0,0,0
"EPSP","1_nSPC","Global",0,1.9,0.03,0.03,0,0,0,0
"EPSP","2_BLT","Global",0,1.9,0,0,0,0,0,0
"EPTA","1_nSPC","Global",0,1.9,0.02,0.02,0,0,0,0
"EPTA","2_BLT","Global",0,1.9,0.02,0.02,0,0,0,0
"EVSP","1_nSPC","Global",0,1.9,0,0,0.09,0.09,0,0
"EVSP","2_BLT","Global",0,1.9,0.02,0.02,0.01,0.01,0,0
"EXBR","1_nSPC","Global",0,1.9,0.02,0.02,0,0,0,0
"EXBR","2_BLT","Global",0,1.9,0.08,0.08,0,0,0,0
"FICO","1_nSPC","Global",0,1.9,0.02,0.02,0,0,0,0
"FICO","2_BLT","Global",0,1.9,0.03,0.03,0,0,0,0
"FILE","1_nSPC","Global",0,1.9,0,0,0,0,0,0
"FILE","2_BLT","Global",0,1.9,0.02,0.02,0.01,0,0,0
"FISH","1_nSPC","Global",0,1.9,0.01,0.01,0.02,0.02,0,0
"FISH","2_BLT","Global",0,1.9,0.04,0.04,0.01,0.01,0,0
"FOFL","1_nSPC","Global",0,1.9,0.4,0.4,0,0,0,0
"FOFL","2_BLT","Global",0,1.9,0.43,0.43,0.01,0.01,0,0
"FOLO","1_nSPC","Global",0,1.9,0.13,0.13,0,0,0,0
"FOLO","2_BLT","Global",0,1.9,0.08,0.08,0.01,0,0,0
"FUSI","1_nSPC","Global",0,1.9,0,0,0.02,0.02,0,0
"FUSI","2_BLT","Global",0,1.9,0,0,0.05,0.02,0,0
"GACU","1_nSPC","Global",0,1.9,0,0,0,0,0,0
"GARD","1_nSPC","Global",0,1.9,0,0,0.23,0.23,0,0
"GASP","2_BLT","Global",0,1.9,0,0,0,0,0,0
"GETA","1_nSPC","Global",0,1.9,0,0,0.01,0.01,0,0
"GEWA","1_nSPC","Global",0,1.9,0.01,0.01,0.01,0.01,0,0
"GNAU","1_nSPC","Global",0,1.9,0.14,0.14,0.02,0.02,0,0
"GNAU","2_BLT","Global",0,1.9,0.18,0.18,0.07,0.04,0.01,0.01
"GNSP","2_BLT","Global",0,1.9,0,0,0.01,0,0,0
"GOAT","1_nSPC","Global",0,1.9,0,0,0.01,0.01,0,0
"GOAT","2_BLT","Global",0,1.9,0,0,0.01,0.01,0,0
"GOBI","1_nSPC","Global",0,1.9,0.04,0.04,0.01,0.01,0,0
"GOBI","2_BLT","Global",0,1.9,0.04,0.04,0,0,0,0
"GOCI","1_nSPC","Global",0,1.9,0,0,0,0,0,0
"GOCI","2_BLT","Global",0,1.9,0,0,0.01,0.01,0,0
"GOVA","1_nSPC","Global",0,1.9,0.27,0.27,0,0,0,0
"GOVA","2_BLT","Global",0,1.9,0.24,0.24,0.01,0,0,0
"GRAL","1_nSPC","Global",0,1.9,0.07,0.07,0,0,0,0
"GRAL","2_BLT","Global",0,1.9,0.05,0.05,0.02,0.01,0,0
"GRBI","1_nSPC","Global",0,1.9,0.01,0.01,0,0,0,0
"GROU","1_nSPC","Global",0,1.9,0.01,0.01,0,0,0,0
"GROU","2_BLT","Global",0,1.9,0.01,0.01,0,0,0,0
"GRSE","1_nSPC","Global",0,1.9,0.01,0.01,0,0,0,0
"GRSE","2_BLT","Global",0,1.9,0.02,0.02,0,0,0,0
"GRTU","1_nSPC","Global",0,1.9,0,0,0,0,0,0
"GYFL","1_nSPC","Global",0,1.9,0.02,0.02,0,0,0,0
"GYFL","2_BLT","Global",0,1.9,0.01,0.01,0,0,0,0
"GYJA","1_nSPC","Global",0,1.9,0.01,0.01,0,0,0,0
"GYJA","2_BLT","Global",0,1.9,0.01,0.01,0,0,0,0
"GYME","1_nSPC","Global",0,1.9,0.03,0.03,0,0,0,0
"GYME","2_BLT","Global",0,1.9,0.02,0.02,0,0,0,0
"GYSP","1_nSPC","Global",0,1.9,0,0,0,0,0,0
"GYSP","2_BLT","Global",0,1.9,0,0,0,0,0,0
"GYUC","1_nSPC","Global",0,1.9,0.04,0.04,0,0,0,0
"GYUC","2_BLT","Global",0,1.9,0.01,0.01,0.01,0,0,0
"GYUN","1_nSPC","Global",0,1.9,0.01,0.01,0,0,0,0
"GYZE","1_nSPC","Global",0,1.9,0,0,0,0,0,0
"HABI","1_nSPC","Global",0,1.9,0.22,0.22,0.01,0.01,0,0
"HABI","2_BLT","Global",0,1.9,0.4,0.4,0.03,0.01,0.01,0.01
"HAHA","1_nSPC","Global",0,1.9,0,0,0.03,0.03,0,0
"HAHO","1_nSPC","Global",0,1.9,0.65,0.65,0.01,0.01,0,0
"HAHO","2_BLT","Global",0,1.9,0.51,0.51,0.01,0.01,0.01,0
"HAMA","1_nSPC","Global",0,1.9,0.11,0.11,0,0,0,0
"HAMA","2_BLT","Global",0,1.9,0.15,0.15,0.03,0.02,0,0
"HAME","1_nSPC","Global",0,1.9,0.01,0.01,0,0,0,0
"HAME","2_BLT","Global",0,1.9,0,0,0,0,0,0
"HAMT","1_nSPC","Global",0,1.9,0.17,0.17,0.01,0.01,0,0
"HAMT","2_BLT","Global",0,1.9,0.52,0.52,0.07,0.04,0.04,0.02
"HAOR","1_nSPC","Global",0,1.9,0.66,0.66,0.02,0.02,0.01,0.01
"HAOR","2_BLT","Global",0,1.9,0.73,0.73,0.09,0.05,0.07,0.04
"HAPR","1_nSPC","Global",0,1.9,0,0,0,0,0,0
"HASP","1_nSPC","Global",0,1.9,0.04,0.04,0.01,0.01,0,0
"HASP","2_BLT","Global",0,1.9,0.02,0.02,0,0,0,0
"HATR","1_nSPC","Global",0,1.9,0.03,0.03,0,0,0,0
"HATR","2_BLT","Global",0,1.9,0.01,0.01,0.01,0.01,0,0
"HAWK","1_nSPC","Global",0,1.9,0,0,0,0,0,0
"HECA","1_nSPC","Global",0,1.9,0.02,0.02,0,0,0,0
"HECA","2_BLT","Global",0,1.9,0.01,0.01,0,0,0,0
"HECH","1_nSPC","Global",0,1.9,0.12,0.12,0,0,0,0
"HECH","2_BLT","Global",0,1.9,0.09,0.09,0.01,0,0,0
"HEDI","1_nSPC","Global",0,1.9,0,0,0,0,0,0
"HEFA","1_nSPC","Global",0,1.9,0.25,0.25,0,0,0,0
"HEFA","2_BLT","Global",0,1.9,0.12,0.12,0.01,0,0,0
"HEME","1_nSPC","Global",0,1.9,0.03,0.03,0,0,0,0
"HEME","2_BLT","Global",0,1.9,0.01,0.01,0,0,0,0
"HEMO","1_nSPC","Global",0,1.9,0.01,0.01,0,0,0,0
"HEMO","2_BLT","Global",0,1.9,0.02,0.02,0.01,0,0,0
"HEPO","1_nSPC","Global",0,1.9,0.04,0.04,0.01,0.01,0,0
"HEPO","2_BLT","Global",0,1.9,0.07,0.07,0.02,0.01,0,0
"HESI","1_nSPC","Global",0,1.9,0.01,0.01,0,0,0,0
"HETH","1_nSPC","Global",0,1.9,0.05,0.05,0.01,0.01,0,0
"HETH","2_BLT","Global",0,1.9,0.03,0.03,0.04,0.02,0,0
"HILO","1_nSPC","Global",0,1.9,0.01,0.01,0,0,0,0
"HILO","2_BLT","Global",0,1.9,0.01,0.01,0,0,0,0
"HOAN","1_nSPC","Global",0,1.9,0.04,0.04,0,0,0,0
"HOAN","2_BLT","Global",0,1.9,0,0,0,0,0,0
"HOCU","1_nSPC","Global",0,1.9,0,0,0,0,0,0
"HODO","1_nSPC","Global",0,1.9,0.1,0.1,0,0,0,0
"HODO","2_BLT","Global",0,1.9,0.05,0.05,0.01,0,0,0
"HOST","1_nSPC","Global",0,1.9,0,0,0.01,0.01,0,0
"ISDE","1_nSPC","Global",0,1.9,0,0,0.01,0.01,0,0
"ISDE","2_BLT","Global",0,1.9,0,0,0.01,0,0,0
"ISSP","1_nSPC","Global",0,1.9,0,0,0,0,0,0
"ISSP","2_BLT","Global",0,1.9,0,0,0.01,0,0,0
"JACK","1_nSPC","Global",0,1.9,0,0,0,0,0,0
"JACK","2_BLT","Global",0,1.9,0,0,0,0,0,0
"KYCI","1_nSPC","Global",0,1.9,0.02,0.02,0,0,0,0
"KYCI","2_BLT","Global",0,1.9,0.11,0.11,0.01,0.01,0,0
"KYPA","1_nSPC","Global",0,1.9,0.03,0.03,0.03,0.03,0,0
"KYPA","2_BLT","Global",0,1.9,0.07,0.07,0.03,0.02,0,0
"KYVA","1_nSPC","Global",0,1.9,0,0,0,0,0,0
"KYVA","2_BLT","Global",0,1.9,0.03,0.03,0.01,0,0,0
"LABI","1_nSPC","Global",0,1.9,0.21,0.21,0,0,0,0
"LABI","2_BLT","Global",0,1.9,0.15,0.15,0.01,0,0,0
"LADI","1_nSPC","Global",0,1.9,0.8,0.8,0.01,0.01,0.01,0.01
"LADI","2_BLT","Global",0,1.9,0.8,0.8,0.02,0.01,0.02,0.01
"LAMI","1_nSPC","Global",0,1.9,0,0,0,0,0,0
"LAPE","1_nSPC","Global",0,1.9,0.14,0.14,0,0,0,0
"LAPE","2_BLT","Global",0,1.9,0.11,0.11,0.01,0,0,0
"LARU","1_nSPC","Global",0,1.9,0,0,0,0,0,0
"LAUN","1_nSPC","Global",0,1.9,0,0,0,0,0,0
"LAUN","2_BLT","Global",0,1.9,0,0,0.01,0,0,0
"LAXA","1_nSPC","Global",0,1.9,0.16,0.16,0,0,0,0
"LAXA","2_BLT","Global",0,1.9,0.13,0.13,0.01,0,0,0
"LEER","1_nSPC","Global",0,1.9,0,0,0,0,0,0
"LEHA","1_nSPC","Global",0,1.9,0.01,0.01,0,0,0,0
"LEHA","2_BLT","Global",0,1.9,0.01,0.01,0,0,0,0
"LEOB","1_nSPC","Global",0,1.9,0.02,0.02,0,0,0,0
"LEOB","2_BLT","Global",0,1.9,0,0,0.01,0.01,0,0
"LEOL","1_nSPC","Global",0,1.9,0.02,0.02,0,0,0,0
"LEOL","2_BLT","Global",0,1.9,0.01,0.01,0,0,0,0
"LERU","1_nSPC","Global",0,1.9,0.01,0.01,0.01,0.01,0,0
"LERU","2_BLT","Global",0,1.9,0.02,0.02,0.01,0,0,0
"LETA","1_nSPC","Global",0,1.9,0.05,0.05,0.34,0.34,0.02,0.02
"LETA","2_BLT","Global",0,1.9,0.03,0.03,0.66,0.35,0.02,0.01
"LETH","1_nSPC","Global",0,1.9,0.03,0.03,0,0,0,0
"LETH","2_BLT","Global",0,1.9,0,0,0,0,0,0
"LEXA","1_nSPC","Global",0,1.9,0.01,0.01,0.01,0.01,0,0
"LEXA","2_BLT","Global",0,1.9,0.02,0.02,0.01,0.01,0,0
"LIZA","1_nSPC","Global",0,1.9,0.06,0.06,0,0,0,0
"LIZA","2_BLT","Global",0,1.9,0.04,0.04,0,0,0,0
"LOGR","2_BLT","Global",0,1.9,0,0,0,0,0,0
"LUAR","1_nSPC","Global",0,1.9,0,0,0,0,0,0
"LUBO","1_nSPC","Global",0,1.9,0.59,0.59,0,0,0,0
"LUBO","2_BLT","Global",0,1.9,0.44,0.44,0.01,0.01,0,0
"LUFU","1_nSPC","Global",0,1.9,0.08,0.08,0,0,0,0
"LUFU","2_BLT","Global",0,1.9,0.06,0.06,0,0,0,0
"LUGI","1_nSPC","Global",0,1.9,0.19,0.19,0,0,0,0
"LUGI","2_BLT","Global",0,1.9,0.12,0.12,0.01,0,0,0
"LUKA","1_nSPC","Global",0,1.9,0.19,0.19,0.04,0.04,0.01,0.01
"LUKA","2_BLT","Global",0,1.9,0.29,0.29,0.05,0.02,0.01,0.01
"LUMO","1_nSPC","Global",0,1.9,0.06,0.06,0,0,0,0
"LUMO","2_BLT","Global",0,1.9,0.01,0.01,0,0,0,0
"LUSE","1_nSPC","Global",0,1.9,0,0,0,0,0,0
"MABR","1_nSPC","Global",0,1.9,0.06,0.06,0,0,0,0
"MABR","2_BLT","Global",0,1.9,0.02,0.02,0,0,0,0
"MACO","1_nSPC","Global",0,1.9,0,0,0,0,0,0
"MACO","2_BLT","Global",0,1.9,0.02,0.02,0,0,0,0
"MALA","1_nSPC","Global",0,1.9,0.07,0.07,0,0,0,0
"MALA","2_BLT","Global",0,1.9,0.05,0.05,0,0,0,0
"MAMA","1_nSPC","Global",0,1.9,0.19,0.19,0,0,0,0
"MAMA","2_BLT","Global",0,1.9,0.08,0.08,0.01,0,0,0
"MAME","1_nSPC","Global",0,1.9,0.4,0.4,0.01,0.01,0,0
"MAME","2_BLT","Global",0,1.9,0.35,0.35,0.02,0.01,0.01,0
"MANI","1_nSPC","Global",0,1.9,0.25,0.25,0,0,0,0
"MANI","2_BLT","Global",0,1.9,0.09,0.09,0.02,0.01,0,0
"MEAT","1_nSPC","Global",0,1.9,0.08,0.08,0,0,0,0
"MEAT","2_BLT","Global",0,1.9,0.07,0.07,0.01,0,0,0
"MENI","1_nSPC","Global",0,1.9,0.2,0.2,0.01,0.01,0,0
"MENI","2_BLT","Global",0,1.9,0.11,0.11,0.01,0,0,0
"MEVI","1_nSPC","Global",0,1.9,0.8,0.8,0.01,0.01,0.01,0.01
"MEVI","2_BLT","Global",0,1.9,0.64,0.64,0.01,0.01,0.01,0
"MOGR","1_nSPC","Global",0,1.9,0.43,0.43,0,0,0,0
"MOGR","2_BLT","Global",0,1.9,0.21,0.21,0.01,0,0,0
"MORA","1_nSPC","Global",0,1.9,0,0,0,0,0,0
"MORA","2_BLT","Global",0,1.9,0.01,0.01,0,0,0,0
"MUFL","1_nSPC","Global",0,1.9,0.03,0.03,0.01,0.01,0,0
"MUFL","2_BLT","Global",0,1.9,0.08,0.08,0.01,0,0,0
"MUPF","1_nSPC","Global",0,1.9,0,0,0.01,0.01,0,0
"MUVA","1_nSPC","Global",0,1.9,0.08,0.08,0.01,0.01,0,0
"MUVA","2_BLT","Global",0,1.9,0.1,0.1,0.03,0.02,0,0
"MYAD","1_nSPC","Global",0,1.9,0,0,0.01,0.01,0,0
"MYAM","1_nSPC","Global",0,1.9,0.06,0.06,0.01,0.01,0,0
"MYAM","2_BLT","Global",0,1.9,0.01,0.01,0.01,0.01,0,0
"MYBE","1_nSPC","Global",0,1.9,0.22,0.22,0.01,0.01,0,0
"MYBE","2_BLT","Global",0,1.9,0.25,0.25,0.03,0.01,0.01,0
"MYKU","1_nSPC","Global",0,1.9,0.08,0.08,0.01,0.01,0,0
"MYKU","2_BLT","Global",0,1.9,0.06,0.06,0.02,0.01,0,0
"MYMU","1_nSPC","Global",0,1.9,0.03,0.03,0,0,0,0
"MYMU","2_BLT","Global",0,1.9,0.03,0.03,0.01,0,0,0
"MYSP","1_nSPC","Global",0,1.9,0.06,0.06,0.01,0.01,0,0
"MYSP","2_BLT","Global",0,1.9,0.04,0.04,0.01,0.01,0,0
"MYVI","1_nSPC","Global",0,1.9,0.04,0.04,0.02,0.02,0,0
"MYVI","2_BLT","Global",0,1.9,0,0,0.02,0.01,0,0
"MYVL","1_nSPC","Global",0,1.9,0,0,0.01,0.01,0,0
"MYVL","2_BLT","Global",0,1.9,0.02,0.02,0.02,0.01,0,0
"NAAN","1_nSPC","Global",0,1.9,0.01,0.01,0,0,0,0
"NAAN","2_BLT","Global",0,1.9,0.01,0.01,0.01,0,0,0
"NABH","1_nSPC","Global",0,1.9,0,0,0,0,0,0
"NABR","1_nSPC","Global",0,1.9,0.09,0.09,0,0,0,0
"NABR","2_BLT","Global",0,1.9,0.05,0.05,0,0,0,0
"NACA","1_nSPC","Global",0,1.9,0.01,0.01,0,0,0,0
"NACA","2_BLT","Global",0,1.9,0.01,0.01,0.01,0,0,0
"NAHE","1_nSPC","Global",0,1.9,0.19,0.19,0.01,0.01,0,0
"NAHE","2_BLT","Global",0,1.9,0.11,0.11,0.03,0.02,0,0
"NALI","1_nSPC","Global",0,1.9,0.89,0.89,0.01,0.01,0.01,0.01
"NALI","2_BLT","Global",0,1.9,0.73,0.73,0.12,0.06,0.09,0.04
"NALO","1_nSPC","Global",0,1.9,0,0,0,0,0,0
"NASP","1_nSPC","Global",0,1.9,0.01,0.01,0.01,0.01,0,0
"NASP","2_BLT","Global",0,1.9,0.1,0.1,0.16,0.08,0.02,0.01
"NATH","1_nSPC","Global",0,1.9,0,0,0,0,0,0
"NATO","1_nSPC","Global",0,1.9,0.07,0.07,0,0,0,0
"NATO","2_BLT","Global",0,1.9,0.06,0.06,0,0,0,0
"NAUN","1_nSPC","Global",0,1.9,0.11,0.11,0,0,0,0
"NAUN","2_BLT","Global",0,1.9,0.1,0.1,0.02,0.01,0,0
"NAVL","1_nSPC","Global",0,1.9,0.16,0.16,0,0,0,0
"NAVL","2_BLT","Global",0,1.9,0.05,0.05,0.01,0,0,0
"NEAG","1_nSPC","Global",0,1.9,0.01,0.01,0.01,0.01,0,0
"NEAG","2_BLT","Global",0,1.9,0.01,0.01,0,0,0,0
"NEAR","1_nSPC","Global",0,1.9,0.34,0.34,0.01,0.01,0,0
"NEAR","2_BLT","Global",0,1.9,0.63,0.63,0.03,0.02,0.02,0.01
"NEED","1_nSPC","Global",0,1.9,0.03,0.03,0.01,0.01,0,0
"NEFE","1_nSPC","Global",0,1.9,0.02,0.02,0,0,0,0
"NEFE","2_BLT","Global",0,1.9,0.02,0.02,0,0,0,0
"NEHE","1_nSPC","Global",0,1.9,0,0,0.01,0.01,0,0
"NEMA","1_nSPC","Global",0,1.9,0.3,0.3,0.02,0.02,0,0
"NEMA","2_BLT","Global",0,1.9,0.3,0.3,0.03,0.02,0.01,0
"NEOP","1_nSPC","Global",0,1.9,0.02,0.02,0,0,0,0
"NEOP","2_BLT","Global",0,1.9,0.02,0.02,0,0,0,0
"NESA","1_nSPC","Global",0,1.9,0.05,0.05,0,0,0,0
"NESA","2_BLT","Global",0,1.9,0.07,0.07,0.01,0,0,0
"NESP","1_nSPC","Global",0,1.9,0.01,0.01,0.01,0.01,0,0
"NESP","2_BLT","Global",0,1.9,0.01,0.01,0.01,0,0,0
"NOTA","1_nSPC","Global",0,1.9,0.04,0.04,0,0,0,0
"NOTA","2_BLT","Global",0,1.9,0.01,0.01,0,0,0,0
"ODNI","1_nSPC","Global",0,1.9,0.09,0.09,0.01,0.01,0,0
"ODNI","2_BLT","Global",0,1.9,0.08,0.08,0.31,0.16,0.02,0.01
"OPPU","1_nSPC","Global",0,1.9,0.03,0.03,0,0,0,0
"OPPU","2_BLT","Global",0,1.9,0.01,0.01,0,0,0,0
"OSAN","1_nSPC","Global",0,1.9,0.05,0.05,0.01,0.01,0,0
"OSAN","2_BLT","Global",0,1.9,0.05,0.05,0.01,0,0,0
"OSAP","1_nSPC","Global",0,1.9,0,0,0.01,0.01,0,0
"OSCU","1_nSPC","Global",0,1.9,0,0,0,0,0,0
"OSLU","1_nSPC","Global",0,1.9,0,0,0.02,0.02,0,0
"OSME","1_nSPC","Global",0,1.9,0.08,0.08,0,0,0,0
"OSME","2_BLT","Global",0,1.9,0.04,0.04,0,0,0,0
"OSNO","1_nSPC","Global",0,1.9,0,0,0,0,0,0
"OSNO","2_BLT","Global",0,1.9,0,0,0,0,0,0
"OXBI","1_nSPC","Global",0,1.9,0,0,0,0,0,0
"OXBI","2_BLT","Global",0,1.9,0,0,0.01,0.01,0,0
"OXDI","1_nSPC","Global",0,1.9,0.06,0.06,0,0,0,0
"OXDI","2_BLT","Global",0,1.9,0,0,0,0,0,0
"OXLO","1_nSPC","Global",0,1.9,0.03,0.03,0,0,0,0
"OXSP","1_nSPC","Global",0,1.9,0,0,0.01,0.01,0,0
"OXUN","1_nSPC","Global",0,1.9,0.63,0.63,0,0,0,0
"OXUN","2_BLT","Global",0,1.9,0.3,0.3,0.01,0,0,0
"PAAR","1_nSPC","Global",0,1.9,0.72,0.72,0.02,0.02,0.01,0.01
"PAAR","2_BLT","Global",0,1.9,0.87,0.87,0.07,0.04,0.06,0.03
"PABA","1_nSPC","Global",0,1.9,0.02,0.02,0,0,0,0
"PABA","2_BLT","Global",0,1.9,0.02,0.02,0,0,0,0
"PACI","1_nSPC","Global",0,1.9,0,0,0,0,0,0
"PACL","1_nSPC","Global",0,1.9,0.13,0.13,0,0,0,0
"PACL","2_BLT","Global",0,1.9,0.16,0.16,0.01,0,0,0
"PACY","1_nSPC","Global",0,1.9,0.27,0.27,0,0,0,0
"PACY","2_BLT","Global",0,1.9,0.18,0.18,0.01,0,0,0
"PAFO","1_nSPC","Global",0,1.9,0.54,0.54,0,0,0,0
"PAFO","2_BLT","Global",0,1.9,0.52,0.52,0.01,0,0,0
"PAHE","1_nSPC","Global",0,1.9,0.19,0.19,0,0,0,0
"PAHE","2_BLT","Global",0,1.9,0.11,0.11,0,0,0,0
"PAHP","1_nSPC","Global",0,1.9,0.04,0.04,0.01,0.01,0,0
"PAHP","2_BLT","Global",0,1.9,0.01,0.01,0.01,0.01,0,0
"PAIN","1_nSPC","Global",0,1.9,0.54,0.54,0,0,0,0
"PAIN","2_BLT","Global",0,1.9,0.43,0.43,0.01,0.01,0.01,0
"PAMI","1_nSPC","Global",0,1.9,0.05,0.05,0,0,0,0
"PAMI","2_BLT","Global",0,1.9,0.09,0.09,0,0,0,0
"PAML","1_nSPC","Global",0,1.9,0,0,0,0,0,0
"PAMT","1_nSPC","Global",0,1.9,0.01,0.01,0,0,0,0
"PAMT","2_BLT","Global",0,1.9,0,0,0,0,0,0
"PAMU","1_nSPC","Global",0,1.9,0.7,0.7,0.01,0.01,0.01,0.01
"PAMU","2_BLT","Global",0,1.9,0.57,0.57,0.04,0.02,0.02,0.01
"PAPL","1_nSPC","Global",0,1.9,0.03,0.03,0,0,0,0
"PAPL","2_BLT","Global",0,1.9,0.04,0.04,0,0,0,0
"PAPR","1_nSPC","Global",0,1.9,0,0,0,0,0,0
"PAPR","2_BLT","Global",0,1.9,0.01,0.01,0.01,0,0,0
"PARR","1_nSPC","Global",0,1.9,0.06,0.06,0,0,0,0
"PARR","2_BLT","Global",0,1.9,0.1,0.1,0.01,0,0,0
"PECA","1_nSPC","Global",0,1.9,0,0,0,0,0,0
"PEJA","1_nSPC","Global",0,1.9,0.04,0.04,0,0,0,0
"PEJA","2_BLT","Global",0,1.9,0.03,0.03,0.01,0,0,0
"PEME","1_nSPC","Global",0,1.9,0,0,0,0,0,0
"PEOU","1_nSPC","Global",0,1.9,0.2,0.2,0.01,0.01,0,0
"PEOU","2_BLT","Global",0,1.9,0.12,0.12,0.01,0,0,0
"PERV","1_nSPC","Global",0,1.9,0,0,0,0,0,0
"PERV","2_BLT","Global",0,1.9,0.01,0.01,0,0,0,0
"PIPE","1_nSPC","Global",0,1.9,0.03,0.03,0,0,0,0
"PLAB","1_nSPC","Global",0,1.9,0,0,0,0,0,0
"PLDI","1_nSPC","Global",0,1.9,0.27,0.27,0.01,0.01,0,0
"PLDI","2_BLT","Global",0,1.9,0.29,0.29,0.02,0.01,0.01,0
"PLGI","1_nSPC","Global",0,1.9,0,0,0,0,0,0
"PLIM","1_nSPC","Global",0,1.9,0.16,0.16,0.02,0.02,0,0
"PLIM","2_BLT","Global",0,1.9,0.27,0.27,0.02,0.01,0,0
"PLJO","1_nSPC","Global",0,1.9,0.44,0.44,0.02,0.02,0.01,0.01
"PLJO","2_BLT","Global",0,1.9,0.67,0.67,0.05,0.02,0.03,0.02
"PLLA","1_nSPC","Global",0,1.9,0.36,0.36,0.03,0.03,0.01,0.01
"PLLA","2_BLT","Global",0,1.9,0.37,0.37,0.06,0.03,0.02,0.01
"PLLD","1_nSPC","Global",0,1.9,0.02,0.02,0.01,0.01,0,0
"PLLD","2_BLT","Global",0,1.9,0.01,0.01,0,0,0,0
"PLLE","1_nSPC","Global",0,1.9,0.05,0.05,0.02,0.02,0,0
"PLLI","1_nSPC","Global",0,1.9,0,0,0,0,0,0
"PLLV","1_nSPC","Global",0,1.9,0.01,0.01,0,0,0,0
"PLOR","1_nSPC","Global",0,1.9,0,0,0,0,0,0
"PLPH","1_nSPC","Global",0,1.9,0.04,0.04,0.01,0.01,0,0
"PLPH","2_BLT","Global",0,1.9,0.03,0.03,0.01,0,0,0
"PLPI","1_nSPC","Global",0,1.9,0.02,0.02,0,0,0,0
"PLPI","2_BLT","Global",0,1.9,0.01,0.01,0,0,0,0
"PLRH","1_nSPC","Global",0,1.9,0.01,0.01,0,0,0,0
"PLRH","2_BLT","Global",0,1.9,0,0,0,0,0,0
"PLTA","1_nSPC","Global",0,1.9,0.1,0.1,0,0,0,0
"PLTA","2_BLT","Global",0,1.9,0.3,0.3,0.02,0.01,0,0
"PLTE","1_nSPC","Global",0,1.9,0,0,0.01,0.01,0,0
"PLTE","2_BLT","Global",0,1.9,0,0,0,0,0,0
"PLVI","1_nSPC","Global",0,1.9,0,0,0,0,0,0
"POGU","1_nSPC","Global",0,1.9,0.37,0.37,0.15,0.15,0.06,0.06
"POGU","2_BLT","Global",0,1.9,0.53,0.53,0.15,0.08,0.08,0.04
"POIM","1_nSPC","Global",0,1.9,0.31,0.31,0,0,0,0
"POIM","2_BLT","Global",0,1.9,0.17,0.17,0,0,0,0
"POPA","1_nSPC","Global",0,1.9,0,0,0,0,0,0
"POPA","2_BLT","Global",0,1.9,0,0,0.01,0.01,0,0
"POPU","1_nSPC","Global",0,1.9,0.01,0.01,0,0,0,0
"POPU","2_BLT","Global",0,1.9,0,0,0.01,0,0,0
"PORC","2_BLT","Global",0,1.9,0,0,0,0,0,0
"POSE","1_nSPC","Global",0,1.9,0,0,0.02,0.02,0,0
"POVA","1_nSPC","Global",0,1.9,0.58,0.58,0.05,0.05,0.03,0.03
"POVA","2_BLT","Global",0,1.9,0.6,0.6,0.1,0.06,0.06,0.03
"PREX","1_nSPC","Global",0,1.9,0,0,0,0,0,0
"PRFR","1_nSPC","Global",0,1.9,0,0,0,0,0,0
"PRHA","1_nSPC","Global",0,1.9,0,0,0,0,0,0
"PRKA","1_nSPC","Global",0,1.9,0,0,0.03,0.03,0,0
"PSAT","1_nSPC","Global",0,1.9,0.13,0.13,0.01,0.01,0,0
"PSAT","2_BLT","Global",0,1.9,0.2,0.2,0.02,0.01,0,0
"PSAU","1_nSPC","Global",0,1.9,0.01,0.01,0.01,0.01,0,0
"PSBI","1_nSPC","Global",0,1.9,0,0,0.01,0.01,0,0
"PSCE","1_nSPC","Global",0,1.9,0,0,0,0,0,0
"PSCO","1_nSPC","Global",0,1.9,0.01,0.01,0.04,0.04,0,0
"PSCO","2_BLT","Global",0,1.9,0.03,0.03,0.02,0.01,0,0
"PSEV","1_nSPC","Global",0,1.9,0.16,0.16,0.01,0.01,0,0
"PSEV","2_BLT","Global",0,1.9,0.07,0.07,0.01,0.01,0,0
"PSFL","1_nSPC","Global",0,1.9,0,0,0,0,0,0
"PSFU","1_nSPC","Global",0,1.9,0,0,0,0,0,0
"PSHE","1_nSPC","Global",0,1.9,0.11,0.11,0.01,0.01,0,0
"PSHE","2_BLT","Global",0,1.9,0.25,0.25,0.01,0.01,0,0
"PSHT","1_nSPC","Global",0,1.9,0,0,0.02,0.02,0,0
"PSMO","1_nSPC","Global",0,1.9,0.13,0.13,0,0,0,0
"PSMO","2_BLT","Global",0,1.9,0.02,0.02,0,0,0,0
"PSOC","1_nSPC","Global",0,1.9,0.29,0.29,0.01,0.01,0,0
"PSOC","2_BLT","Global",0,1.9,0.28,0.28,0.01,0.01,0,0
"PSPA","1_nSPC","Global",0,1.9,0.18,0.18,0.31,0.31,0.06,0.06
"PSPA","2_BLT","Global",0,1.9,0.1,0.1,0.32,0.17,0.03,0.02
"PSPU","1_nSPC","Global",0,1.9,0,0,0,0,0,0
"PSSL","1_nSPC","Global",0,1.9,0.04,0.04,0.01,0.01,0,0
"PSTE","1_nSPC","Global",0,1.9,0.29,0.29,0.01,0.01,0,0
"PSTE","2_BLT","Global",0,1.9,0.42,0.42,0.02,0.01,0.01,0
"PSYA","1_nSPC","Global",0,1.9,0.01,0.01,0.01,0.01,0,0
"PTAN","1_nSPC","Global",0,1.9,0.01,0.01,0,0,0,0
"PTAN","2_BLT","Global",0,1.9,0.01,0.01,0,0,0,0
"PTCR","1_nSPC","Global",0,1.9,0,0,0,0,0,0
"PTEN","1_nSPC","Global",0,1.9,0,0,0,0,0,0
"PTEN","2_BLT","Global",0,1.9,0,0,0,0,0,0
"PTEV","1_nSPC","Global",0,1.9,0.15,0.15,0.02,0.02,0,0
"PTEV","2_BLT","Global",0,1.9,0.12,0.12,0.08,0.04,0.01,0
"PTHE","1_nSPC","Global",0,1.9,0.07,0.07,0.02,0.02,0,0
"PTHE","2_BLT","Global",0,1.9,0.05,0.05,0.02,0.01,0,0
"PTMA","1_nSPC","Global",0,1.9,0.02,0.02,0.04,0.04,0,0
"PTMA","2_BLT","Global",0,1.9,0.01,0.01,0.04,0.02,0,0
"PTMI","1_nSPC","Global",0,1.9,0.01,0.01,0.02,0.02,0,0
"PTMI","2_BLT","Global",0,1.9,0,0,0,0,0,0
"PTTI","1_nSPC","Global",0,1.9,0.14,0.14,0.06,0.06,0.01,0.01
"PTTI","2_BLT","Global",0,1.9,0.08,0.08,0.31,0.16,0.03,0.01
"PTVO","1_nSPC","Global",0,1.9,0,0,0,0,0,0
"PTZE","1_nSPC","Global",0,1.9,0.07,0.07,0.04,0.04,0,0
"PTZE","2_BLT","Global",0,1.9,0.07,0.07,0.01,0.01,0,0
"PUFF","1_nSPC","Global",0,1.9,0,0,0,0,0,0
"PUFF","2_BLT","Global",0,1.9,0,0,0.01,0,0,0
"PYDI","1_nSPC","Global",0,1.9,0.31,0.31,0,0,0,0
"PYDI","2_BLT","Global",0,1.9,0.2,0.2,0.01,0,0,0
"RABB","1_nSPC","Global",0,1.9,0.01,0.01,0,0,0,0
"RABB","2_BLT","Global",0,1.9,0,0,0,0,0,0
"RHAC","1_nSPC","Global",0,1.9,0.01,0.01,0,0,0,0
"RHRE","1_nSPC","Global",0,1.9,0.19,0.19,0,0,0,0
"RHRE","2_BLT","Global",0,1.9,0.08,0.08,0.01,0,0,0
"SACA","1_nSPC","Global",0,1.9,0.2,0.2,0.01,0.01,0,0
"SACA","2_BLT","Global",0,1.9,0.16,0.16,0.01,0,0,0
"SADI","1_nSPC","Global",0,1.9,0.03,0.03,0.01,0.01,0,0
"SADI","2_BLT","Global",0,1.9,0.02,0.02,0.01,0,0,0
"SAGR","1_nSPC","Global",0,1.9,0,0,0,0,0,0
"SAGR","2_BLT","Global",0,1.9,0.02,0.02,0,0,0,0
"SAMI","1_nSPC","Global",0,1.9,0.04,0.04,0,0,0,0
"SAMI","2_BLT","Global",0,1.9,0.03,0.03,0.01,0,0,0
"SAPP","1_nSPC","Global",0,1.9,0.02,0.02,0,0,0,0
"SAPP","2_BLT","Global",0,1.9,0,0,0.05,0.02,0,0
"SASP","1_nSPC","Global",0,1.9,0.07,0.07,0,0,0,0
"SASP","2_BLT","Global",0,1.9,0.13,0.13,0.01,0,0,0
"SATI","1_nSPC","Global",0,1.9,0.45,0.45,0.01,0.01,0,0
"SATI","2_BLT","Global",0,1.9,0.36,0.36,0.01,0,0,0
"SCAL","1_nSPC","Global",0,1.9,0.02,0.02,0.01,0.01,0,0
"SCAL","2_BLT","Global",0,1.9,0.03,0.03,0,0,0,0
"SCCL","1_nSPC","Global",0,1.9,0,0,0,0,0,0
"SCCO","1_nSPC","Global",0,1.9,0,0,0,0,0,0
"SCDI","1_nSPC","Global",0,1.9,0,0,0,0,0,0
"SCDM","1_nSPC","Global",0,1.9,0.01,0.01,0,0,0,0
"SCDM","2_BLT","Global",0,1.9,0.01,0.01,0,0,0,0
"SCFE","1_nSPC","Global",0,1.9,0.01,0.01,0,0,0,0
"SCFO","1_nSPC","Global",0,1.9,0.54,0.54,0,0,0,0
"SCFO","2_BLT","Global",0,1.9,0.43,0.43,0.01,0,0,0
"SCFR","1_nSPC","Global",0,1.9,0.02,0.02,0,0,0,0
"SCFR","2_BLT","Global",0,1.9,0.05,0.05,0,0,0,0
"SCFU","1_nSPC","Global",0,1.9,0.04,0.04,0,0,0,0
"SCGH","1_nSPC","Global",0,1.9,0.01,0.01,0,0,0,0
"SCGH","2_BLT","Global",0,1.9,0.03,0.03,0,0,0,0
"SCGL","1_nSPC","Global",0,1.9,0.03,0.03,0,0,0,0
"SCGL","2_BLT","Global",0,1.9,0.04,0.04,0.01,0,0,0
"SCLI","1_nSPC","Global",0,1.9,0.04,0.04,0.01,0.01,0,0
"SCLY","1_nSPC","Global",0,1.9,0.03,0.03,0,0,0,0
"SCLY","2_BLT","Global",0,1.9,0.01,0.01,0.01,0.01,0,0
"SCNI","1_nSPC","Global",0,1.9,0,0,0,0,0,0
"SCNI","2_BLT","Global",0,1.9,0.01,0.01,0,0,0,0
"SCOV","1_nSPC","Global",0,1.9,0.12,0.12,0,0,0,0
"SCOV","2_BLT","Global",0,1.9,0.15,0.15,0,0,0,0
"SCPP","1_nSPC","Global",0,1.9,0,0,0,0,0,0
"SCPP","2_BLT","Global",0,1.9,0.01,0.01,0,0,0,0
"SCPS","1_nSPC","Global",0,1.9,0.17,0.17,0.01,0.01,0,0
"SCPS","2_BLT","Global",0,1.9,0.07,0.07,0.01,0,0,0
"SCRU","1_nSPC","Global",0,1.9,0.56,0.56,0,0,0,0
"SCRU","2_BLT","Global",0,1.9,0.51,0.51,0.01,0,0,0
"SCSC","1_nSPC","Global",0,1.9,0.09,0.09,0,0,0,0
"SCSC","2_BLT","Global",0,1.9,0.07,0.07,0,0,0,0
"SCSI","1_nSPC","Global",0,1.9,0,0,0,0,0,0
"SCSP","1_nSPC","Global",0,1.9,0.01,0.01,0.01,0.01,0,0
"SCSP","2_BLT","Global",0,1.9,0.05,0.05,0.01,0,0,0
"SCXA","1_nSPC","Global",0,1.9,0,0,0,0,0,0
"SECR","1_nSPC","Global",0,1.9,0,0,1.67,1.67,0,0
"SECY","1_nSPC","Global",0,1.9,0,0,0,0,0,0
"SECY","2_BLT","Global",0,1.9,0.03,0.03,0,0,0,0
"SEDU","1_nSPC","Global",0,1.9,0,0,0,0,0,0
"SESP","1_nSPC","Global",0,1.9,0,0,0,0,0,0
"SESP","2_BLT","Global",0,1.9,0,0,0,0,0,0
"SIAR","1_nSPC","Global",0,1.9,0.02,0.02,0.01,0.01,0,0
"SIAR","2_BLT","Global",0,1.9,0.02,0.02,0,0,0,0
"SIPN","1_nSPC","Global",0,1.9,0,0,0,0,0,0
"SISI","1_nSPC","Global",0,1.9,0,0,0,0,0,0
"SISP","1_nSPC","Global",0,1.9,0,0,0,0,0,0
"SNAP","2_BLT","Global",0,1.9,0,0,0.01,0,0,0
"SNDP","1_nSPC","Global",0,1.9,0.02,0.02,0,0,0,0
"SNDP","2_BLT","Global",0,1.9,0.04,0.04,0,0,0,0
"SOLD","2_BLT","Global",0,1.9,0.01,0.01,0.04,0.02,0,0
"SPBA","1_nSPC","Global",0,1.9,0.04,0.04,0,0,0,0
"SPBA","2_BLT","Global",0,1.9,0,0,0,0,0,0
"SPDE","1_nSPC","Global",0,1.9,0.05,0.05,0.92,0.92,0.05,0.05
"SPDE","2_BLT","Global",0,1.9,0.01,0.01,1,0.53,0.01,0
"SPHE","1_nSPC","Global",0,1.9,0,0,0.05,0.05,0,0
"SPQE","1_nSPC","Global",0,1.9,0,0,0.03,0.03,0,0
"STAL","1_nSPC","Global",0,1.9,0,0,0.01,0.01,0,0
"STAL","2_BLT","Global",0,1.9,0.01,0.01,0.02,0.01,0,0
"STBN","1_nSPC","Global",0,1.9,0.26,0.26,0,0,0,0
"STBN","2_BLT","Global",0,1.9,0.19,0.19,0.01,0,0,0
"STFA","1_nSPC","Global",0,1.9,0.6,0.6,0.04,0.04,0.02,0.02
"STFA","2_BLT","Global",0,1.9,0.86,0.86,0.07,0.03,0.06,0.03
"STNI","1_nSPC","Global",0,1.9,0.02,0.02,0.02,0.02,0,0
"STNI","2_BLT","Global",0,1.9,0.01,0.01,0.01,0.01,0,0
"STSP","1_nSPC","Global",0,1.9,0.07,0.07,0.05,0.05,0,0
"STSP","2_BLT","Global",0,1.9,0,0,0,0,0,0
"STST","1_nSPC","Global",0,1.9,0.05,0.05,0,0,0,0
"STST","2_BLT","Global",0,1.9,0.02,0.02,0,0,0,0
"SUBU","1_nSPC","Global",0,1.9,0.6,0.6,0,0,0,0
"SUBU","2_BLT","Global",0,1.9,0.65,0.65,0.01,0.01,0.01,0
"SUCH","1_nSPC","Global",0,1.9,0.18,0.18,0,0,0,0
"SUCH","2_BLT","Global",0,1.9,0.36,0.36,0.01,0.01,0.01,0
"SUFR","1_nSPC","Global",0,1.9,0.01,0.01,0,0,0,0
"SUFR","2_BLT","Global",0,1.9,0,0,0,0,0,0
"SURG","1_nSPC","Global",0,1.9,0.01,0.01,0.01,0.01,0,0
"SURG","2_BLT","Global",0,1.9,0.04,0.04,0.02,0.01,0,0
"SWEE","1_nSPC","Global",0,1.9,0,0,0,0,0,0
"SYBI","1_nSPC","Global",0,1.9,0,0,0,0,0,0
"SYBI","2_BLT","Global",0,1.9,0,0,0.01,0.01,0,0
"SYVA","1_nSPC","Global",0,1.9,0,0,0,0,0,0
"SYVA","2_BLT","Global",0,1.9,0.01,0.01,0,0,0,0
"TAME","1_nSPC","Global",0,1.9,0.01,0.01,0,0,0,0
"TAME","2_BLT","Global",0,1.9,0.06,0.06,0,0,0,0
"TATR","1_nSPC","Global",0,1.9,0,0,0,0,0,0
"THAM","1_nSPC","Global",0,1.9,0.25,0.25,0.01,0.01,0,0
"THAM","2_BLT","Global",0,1.9,0.5,0.5,0.15,0.08,0.07,0.04
"THHA","1_nSPC","Global",0,1.9,0.04,0.04,0,0,0,0
"THHA","2_BLT","Global",0,1.9,0.01,0.01,0.05,0.03,0,0
"THJA","1_nSPC","Global",0,1.9,0,0,0,0,0,0
"THLN","1_nSPC","Global",0,1.9,0.02,0.02,0,0,0,0
"THLU","1_nSPC","Global",0,1.9,0.67,0.67,0.01,0.01,0.01,0.01
"THLU","2_BLT","Global",0,1.9,0.81,0.81,0.04,0.02,0.04,0.02
"THPU","1_nSPC","Global",0,1.9,0.06,0.06,0.01,0.01,0,0
"THPU","2_BLT","Global",0,1.9,0.03,0.03,0,0,0,0
"THQU","1_nSPC","Global",0,1.9,0.67,0.67,0.03,0.03,0.02,0.02
"THQU","2_BLT","Global",0,1.9,0.79,0.79,0.06,0.03,0.04,0.02
"THSP","1_nSPC","Global",0,1.9,0.01,0.01,0.02,0.02,0,0
"THSP","2_BLT","Global",0,1.9,0.02,0.02,0.11,0.06,0,0
"THTR","1_nSPC","Global",0,1.9,0.06,0.06,0,0,0,0
"THTR","2_BLT","Global",0,1.9,0,0,0,0,0,0
"TRBA","1_nSPC","Global",0,1.9,0.01,0.01,0.02,0.02,0,0
"TRBL","1_nSPC","Global",0,1.9,0,0,0.01,0.01,0,0
"TRIG","1_nSPC","Global",0,1.9,0,0,0,0,0,0
"TROB","1_nSPC","Global",0,1.9,0.12,0.12,0,0,0,0
"TROB","2_BLT","Global",0,1.9,0.14,0.14,0,0,0,0
"TUNA","1_nSPC","Global",0,1.9,0,0,0,0,0,0
"TYCR","1_nSPC","Global",0,1.9,0.02,0.02,0.01,0.01,0,0
"TYCR","2_BLT","Global",0,1.9,0,0,0.03,0.02,0,0
"URAS","1_nSPC","Global",0,1.9,0,0,0,0,0,0
"URGR","1_nSPC","Global",0,1.9,0,0,0,0,0,0
"VAAL","1_nSPC","Global",0,1.9,0,0,0,0,0,0
"VALO","1_nSPC","Global",0,1.9,0.19,0.19,0,0,0,0
"VALO","2_BLT","Global",0,1.9,0.21,0.21,0,0,0,0
"VAST","1_nSPC","Global",0,1.9,0.19,0.19,0.01,0.01,0,0
"VAST","2_BLT","Global",0,1.9,0.3,0.3,0.02,0.01,0.01,0
"WENI","1_nSPC","Global",0,1.9,0,0,0,0,0,0
"WRAS","1_nSPC","Global",0,1.9,0.07,0.07,0.01,0.01,0,0
"WRAS","2_BLT","Global",0,1.9,0.17,0.17,0.02,0.01,0,0
"XAAU","1_nSPC","Global",0,1.9,0.02,0.02,0,0,0,0
"XAAU","2_BLT","Global",0,1.9,0.11,0.11,0,0,0,0
"XACA","1_nSPC","Global",0,1.9,0.02,0.02,0.01,0.01,0,0
"XAME","1_nSPC","Global",0,1.9,0.01,0.01,0.01,0.01,0,0
"ZACO","1_nSPC","Global",0,1.9,0.48,0.48,0,0,0,0
"ZACO","2_BLT","Global",0,1.9,0.33,0.33,0.02,0.01,0.01,0
"ZEFL","1_nSPC","Global",0,1.9,0.41,0.41,0.01,0.01,0,0
"ZEFL","2_BLT","Global",0,1.9,0.36,0.36,0.01,0.01,0,0
"ZESC","1_nSPC","Global",0,1.9,0,0,0,0,0,0
"ZESC","2_BLT","Global",0,1.9,0.01,0.01,0,0,0,0
"ZEVE","1_nSPC","Global",0,1.9,0.03,0.03,0,0,0,0
"ZEVE","2_BLT","Global",0,1.9,0.01,0.01,0,0,0,0
